Name EN,Name AR,Category EN,Category AR,Description EN,Description AR,Price,Currency,Sizes,Weight,Metadata,Available
Grilled Chicken Croissant,كرواسون الدجاج المشوي,Croissant,كرواسون,"Fresh croissant stuffed with tender grilled chicken, aromatic garlic and herb sauce, and fresh vegetable slices. Crispy golden crust on the outside and a delicious filling inside.",كرواسون طازج محشو بالدجاج المشوي الطري وصوص الثوم والأعشاب العطرية وشرائح الخضار الطازجة. قشرة ذهبية مقرمشة من الخارج وحشوة لذيذة من الداخل.,299.00,EGP,Regular,140 gram,,1
Pistachio And Nutella Croissant,كرواسون الفستق والنوتيلا,Croissant,كرواسون,"Freshly baked daily croissant with a crispy and flaky dough, filled with smooth pistachio halbi paste and rich Nutella cream. Served warm for a unique taste and texture experience.",كرواسون يُخبز يومياً بعجينة مقرمشة وهشة، محشو بمعجون الفستق الناعم وكريمة النوتيلا الغنية. يُقدم دافئاً لتجربة طعم ونسيج فريدة.,174.00,EGP,Regular,141 gram,,1
Tuna Croissant,كرواسون التونة,Croissant,كرواسون,"Fresh croissant stuffed with premium tuna mixed with a delicious creamy sauce and fresh vegetables, served hot with a delicious taste and a crispy, crunchy texture.",كرواسون طازج محشو بالتونة الفاخرة ممزوجة بصوص كريمي لذيذ وخضار طازجة، يُقدم ساخناً بطعم رائع وقوام مقرمش.,299.00,EGP,Regular,142 gram,,1
Nutella Croissant,كرواسون النوتيلا,Croissant,كرواسون,"Fresh, crispy croissant with golden butter layers, filled with rich Nutella, a delicious chocolate and hazelnut flavor, served warm.",كرواسون طازج ومقرمش بطبقات زبدة ذهبية، محشو بالنوتيلا الغنية بنكهة الشوكولاتة والبندق اللذيذة، يُقدم دافئاً.,169.00,EGP,Regular,143 gram,,1
Zaatar Croissant,كرواسون الزعتر,Croissant,كرواسون,"Freshly baked prepare daily, this croissant features a flaky, buttery dough with multiple layers filled with premium zaatar and extra virgin olive oil. Served warm and fresh from the oven.",يُخبز يومياً، هذا الكرواسون بعجينة هشة وزبدية متعددة الطبقات محشوة بزعتر فاخر وزيت زيتون بكر ممتاز. يُقدم دافئاً وطازجاً من الفرن.,149.00,EGP,Regular,144 gram,,1
Blue Cheese Croissant,كرواسون الجبن الأزرق,Croissant,كرواسون,"Freshly made croissants daily with a flaky and crispy crust, filled with premium blue cheese and smooth cream, served warm for a unique and delicious taste experience.",كرواسون يُصنع يومياً بقشرة هشة ومقرمشة، محشو بالجبن الأزرق الفاخر والكريمة الناعمة، يُقدم دافئاً لتجربة طعم فريدة ولذيذة.,154.00,EGP,Regular,145 gram,,1
Smoked Salmon Croissant,كرواسون السلمون المدخن,Croissant,كرواسون,"Freshly baked and prepared daily croissant with a crispy buttery dough, stuffed with premium smoked salmon fish, with smooth cream cheese, pickled cucumber slices, and fresh dill sauce.",كرواسون يُخبز ويُحضر يومياً بعجينة زبدية مقرمشة، محشو بسمك السلمون المدخن الفاخر وجبنة الكريمة الناعمة وشرائح الخيار المخلل وصوص الشبت الطازج.,299,EGP,Regular,146 gram,,1
Almond Croissant,كرواسون اللوز,Croissant,كرواسون,"Luxurious almond croissant made with multi-layered buttery dough, filled with finely toasted almonds, served hot with a dusting of shimmering powdered sugar.",كرواسون لوز فاخر بعجينة زبدية متعددة الطبقات، محشو باللوز المحمص الناعم، يُقدم ساخناً مع رشة من السكر البودرة اللامع.,179,EGP,Regular,147 gram,,1
Smoked Turkey And Beef Croissant,كرواسون الديك الرومي المدخن واللحم,Croissant,كرواسون,"Fresh croissant filled with delicious smoked turkey and seasoned beef, rich aromatic flavors, served hot with a delicious special sauce.",كرواسون طازج محشو بالديك الرومي المدخن واللحم المتبل بنكهات عطرية غنية، يُقدم ساخناً مع صوص خاص لذيذ.,214,EGP,Regular,148 gram,,1
Pain Swiss Croissant,كرواسون بان سويس,Croissant,كرواسون,"A luxurious Swiss croissant with thin, crispy layers, made from the finest butter. It features a rich taste and a smooth, melt-in-your-mouth texture. Served fresh and warm.",كرواسون سويسري فاخر بطبقات رقيقة ومقرمشة، مصنوع من أجود أنواع الزبدة. يتميز بطعم غني وقوام ناعم يذوب في فمك. يُقدم طازجاً ودافئاً.,154,EGP,Regular,149 gram,,1
Pistachio Croissant,كرواسون الفستق,Croissant,كرواسون,"Fresh, crispy pistachio croissant with golden buttery layers, filled with a smooth, rich pistachio filling. Served warm with a light sugar syrup.",كرواسون فستق طازج ومقرمش بطبقات زبدية ذهبية، محشو بحشوة فستق غنية وناعمة. يُقدم دافئاً مع قطر خفيف.,174,EGP,Regular,150 gram,,1
Pastrami Croissant,كرواسون البسطرمة,Croissant,كرواسون,"A fresh and crispy croissant filled with delicious pastrami and melted cheese, served hot for a delightful and tasty breakfast experience.",كرواسون طازج ومقرمش محشو بالبسطرمة اللذيذة والجبنة المذابة، يُقدم ساخناً لتجربة فطور مبهجة وشهية.,174,EGP,Regular,151 gram,,1
Fresh Plain Croissant,كرواسون سادة طازج,Croissant,كرواسون,"Fresh plain croissant, prepared daily with flaky dough and multiple layers, crispy on the outside and soft on the inside. Served hot with butter and jam.",كرواسون سادة طازج، يُحضر يومياً بعجينة هشة ومتعددة الطبقات، مقرمش من الخارج وناعم من الداخل. يُقدم ساخناً مع الزبدة والمربى.,135,EGP,Regular,152 gram,,1
Turkey Midnight,توست منتصف الليل بالديك الرومي,Appetizers,مقبلات,Toast bread and smoked turkey bread with cheddar cheese yellow and mustard sauce,خبز توست وخبز ديك رومي مدخن مع جبن شيدر أصفر وصوص خردل,225,EGP,Regular,153 gram,,1
Eggplant,باذنجان,Appetizers,مقبلات,"Grilled eggplant with bolognese sauce, mozzarella",باذنجان مشوي مع صوص بولونيز وجبن موزاريلا,220,EGP,Regular,154 gram,,1
Stage Combo,كومبو ستيج,Appetizers,مقبلات,"3 pieces of chicken strips, 3 pieces of mozzarella sticks 3 pieces of shrimp nachos and 2 sauces of your choice",3 قطع شرائح دجاج، 3 قطع عيدان موزاريلا، 3 قطع ناتشوز جمبري وصوصان من اختيارك,330,EGP,Regular,155 gram,,1
Chicken Quesadillas,كيساديلا دجاج,Appetizers,مقبلات,,,176,EGP,Regular,156 gram,,1
Chicken Popcorn,دجاج بوبكورن,Appetizers,مقبلات,"Fried chicken balls, cheese, honey mustard sauce",كرات دجاج مقلية، جبن، صوص عسل وخردل,195,EGP,Regular,157 gram,,1
Petzita,بيتزيتا,Appetizers,مقبلات,Vegetables + pepperoni + tomato basil,خضار + بيبروني + ريحان طماطم,189,EGP,Regular,158 gram,,1
Onion Rings,حلقات البصل,Appetizers,مقبلات,,,99,EGP,Regular,159 gram,,1
Fries,بطاطس مقلية,Appetizers,مقبلات,French fries,بطاطس مقلية,85,EGP,Regular,160 gram,,1
Mozzarella Sticks,عيدان الموزاريلا,Appetizers,مقبلات,,,105,EGP,Regular,161 gram,,1
Bruschetta,برسكيتا,Appetizers,مقبلات,"Toasted baguette bread with black olives, tomatoes and parmesan cheese",خبز باغيت محمص مع زيتون أسود وطماطم وجبن البارميزان,146,EGP,Regular,162 gram,,1
Taquitos,تاكيتوس,Appetizers,مقبلات,Tortilla bread stuffed with minced meat and cheese mix cheddar with barbecue sauce,خبز تورتيلا محشو بلحم مفروم وخليط جبن شيدر مع صوص باربيكيو,185,EGP,Regular,163 gram,,1
Hickory Chicken Wings,أجنحة دجاج هيكوري,Appetizers,مقبلات,Fried chicken wings with smoked barbecue sauce served with sweet sour cream,أجنحة دجاج مقلية مع صوص باربيكيو مدخن تُقدم مع كريمة حامضة حلوة,185,EGP,Regular,164 gram,,1
Fresh Lemon Juice,عصير ليمون طازج,Juices,عصائر,"Fresh, refreshing lemon with a citrus, balanced taste, for summer days.",ليمون طازج ومنعش بنكهة حمضية متوازنة، مثالي لأيام الصيف.,109,EGP,Regular,165 gram,,1
"Fresh Banana, Milk, Honey Juice",عصير موز طازج بالحليب والعسل,Juices,عصائر,"Fresh banana blended with milk and honey for a rich, naturally sweet taste.",موز طازج ممزوج بالحليب والعسل لطعم غني وحلو بشكل طبيعي.,134,EGP,Regular,166 gram,,1
Fresh Orange Juice,عصير برتقال طازج,Juices,عصائر,Natural orange juice rich in vitamin c with a sweet and refreshing taste,عصير برتقال طبيعي غني بفيتامين ج بطعم حلو ومنعش,119,EGP,Regular,167 gram,,1
Fresh Lemon Mint Juice,عصير ليمون بالنعناع الطازج,Juices,عصائر,Fresh lemon blended with green mint for a refreshing and cooling taste.,ليمون طازج ممزوج بالنعناع الأخضر لطعم منعش ومبرد.,119,EGP,Regular,168 gram,,1
Fresh Guava Juice,عصير جوافة طازج,Juices,عصائر,Fresh guava blended to give you a creamy texture and flavor.,جوافة طازجة تُمزج لمنحك قوامًا ونكهة كريمية.,119,EGP,Regular,169 gram,,1
Fresh Mango Juice,عصير مانجو طازج,Juices,عصائر,Ripe mango blended into a juice rich in texture and tropical flavor.,مانجو ناضجة تُمزج في عصير غني بالقوام والنكهة الاستوائية.,135,EGP,Regular,170 gram,,1
Fresh Strawberry Juice,عصير فراولة طازج,Juices,عصائر,Natural strawberries blended for a sweet and refreshing juice with an aroma.,فراولة طبيعية تُمزج لعصير حلو ومنعش بعطر مميز.,135,EGP,Regular,171 gram,,1
Fresh Kiwi Juice,عصير كيوي طازج,Juices,عصائر,"Fresh kiwi blended into a sour, refreshing juice with a tropical style.",كيوي طازج يُمزج في عصير حامض ومنعش بأسلوب استوائي.,134,EGP,Regular,172 gram,,1
Fresh Guava Mint Juice,عصير جوافة بالنعناع الطازج,Juices,عصائر,Fresh guava with a touch of mint for a double freshness and taste.,جوافة طازجة مع لمسة نعناع لنضارة ونكهة مضاعفة.,119,EGP,Regular,173 gram,,1
Fresh Strawberry Milk Juice,عصير فراولة بالحليب,Juices,عصائر,Fresh strawberries blended with milk for a creamy and refreshing flavor.,فراولة طازجة ممزوجة بالحليب لنكهة كريمية ومنعشة.,119,EGP,Regular,174 gram,,1
Fresh Seasonal Watermelon Juice,عصير بطيخ موسمي طازج,Juices,عصائر,"Fresh, in-season watermelon juice, refreshing and sweet with a natural flavor.",عصير بطيخ موسمي طازج، منعش وحلو بنكهة طبيعية.,114,EGP,Regular,175 gram,,1
Fresh Guava Milk Juice,عصير جوافة بالحليب الطازج,Juices,عصائر,A creamy blend of guava and milk for a rich and nutritious taste.,مزيج كريمي من الجوافة والحليب لطعم غني ومغذٍّ.,119,EGP,Regular,176 gram,,1
Iced Mocha,موكا مثلج,Ice Coffee,قهوة مثلجة,"A refreshing iced mocha that combines the taste of rich coffee and creamy chocolate with cold milk and Ice. Served cold, it perfect for hot days.",موكا مثلج منعش يجمع بين طعم القهوة الغنية والشوكولاتة الكريمية مع الحليب البارد والثلج. يُقدم بارداً، مثالي للأيام الحارة.,159,EGP,Regular,177 gram,,1
Iced Latte,لاتيه مثلج,Ice Coffee,قهوة مثلجة,"A refreshing iced latte made with rich coffee espresso, blended with cold milk, and Ice, topped with a smooth foam on surface.",لاتيه مثلج منعش مصنوع من إسبريسو قهوة غني، ممزوج بالحليب البارد والثلج، مغطى برغوة ناعمة على السطح.,159,EGP,Regular,178 gram,,1
Iced Coffee,قهوة مثلجة,Ice Coffee,قهوة مثلجة,"A refreshing and chilled iced coffee made from carefully selected coffee beans mixed with cold milk and Ice, served delicious cold, perfect for hot days.",قهوة مثلجة منعشة ومبردة مصنوعة من حبوب قهوة مختارة بعناية ممزوجة بالحليب البارد والثلج، تُقدم باردة لذيذة، مثالية للأيام الحارة.,159,EGP,Regular,179 gram,,1
Iced Americano,أمريكانو مثلج,Ice Coffee,قهوة مثلجة,"A refreshing iced americano made with strong espresso mixed with cold water and ICE, served with an authentic and true coffee flavor, perfect for hot summer days.",أمريكانو مثلج منعش مصنوع من إسبريسو قوي ممزوج بالماء البارد والثلج، يُقدم بنكهة قهوة أصيلة وحقيقية، مثالي لأيام الصيف الحارة.,159,EGP,Regular,180 gram,,1
Iced Cappuccino,كابتشينو مثلج,Ice Coffee,قهوة مثلجة,"A refreshing iced cappuccino combining the strength of authentic Arabic coffee with smooth cold milk and a layer of delicious creamy foam, served with cold Ice.",كابتشينو مثلج منعش يجمع بين قوة القهوة العربية الأصيلة والحليب البارد الناعم وطبقة من الرغوة الكريمية اللذيذة، يُقدم مع الثلج البارد.,159,EGP,Regular,181 gram,,1
Ice Spanish Latte,لاتيه إسباني مثلج,Ice Coffee,قهوة مثلجة,"Espresso, milk, and condensed milk served over ice.",إسبريسو وحليب وحليب مكثف يُقدم على الثلج.,159,EGP,Regular,182 gram,,1
Chocolate Pancakes,بانكيك الشوكولاتة,Pancake,بانكيك,Golden pancake layers topped with rich chocolate sauce.,طبقات بانكيك ذهبية مغطاة بصوص شوكولاتة غني.,132,EGP,Regular,183 gram,,1
Mixed Fruit Pancakes,بانكيك الفاكهة المشكلة,Pancake,بانكيك,Pancakes prepared with a fresh fruit mix for a variety of colors and flavors.,بانكيك محضر مع مزيج فاكهة طازجة لتنوع من الألوان والنكهات.,177,EGP,Regular,184 gram,,1
Mixed Berry Pancakes,بانكيك التوت المشكل,Pancake,بانكيك,Fresh pancakes garnished with a selection of berries and sour fruit sauce.,بانكيك طازج مزين بمجموعة مختارة من التوت وصوص الفاكهة الحامضة.,142,EGP,Regular,185 gram,,1
Honey Pancakes,بانكيك العسل,Pancake,بانكيك,Light pancakes served with natural honey for a simple and healthy taste.,بانكيك خفيف يُقدم مع عسل طبيعي لطعم بسيط وصحي.,132,EGP,Regular,186 gram,,1
Caramel Pancakes,بانكيك الكراميل,Pancake,بانكيك,Soft pancakes with a warm caramel layer that enriches the flavor with sweetness.,بانكيك طري مع طبقة كراميل دافئة تُثري النكهة بالحلاوة.,132,EGP,Regular,187 gram,,1
Pistachio Pancakes,بانكيك الفستق,Pancake,بانكيك,Pancakes topped with creamy pistachio sauce and roasted pistachio pieces.,بانكيك مغطى بصوص فستق كريمي وقطع فستق محمصة.,142,EGP,Regular,188 gram,,1
Lotus Pancakes,بانكيك اللوتس,Pancake,بانكيك,Soft pancakes topped with Lotus cream and crunchy biscuit pieces.,بانكيك طري مغطى بكريمة اللوتس وقطع بسكويت مقرمشة.,136,EGP,Regular,189 gram,,1
Spicy Pasta Chicken Cajun,باستا دجاج كاجون حارة,Pasta,باستا,"Pasta, chicken, cajun spices, colored pepper, pink sauce",باستا، دجاج، بهارات كاجون، فلفل ملون، صوص وردي,320,EGP,Regular,190 gram,,1
Linguine Shredded Beef,لينجويني لحم مفتت,Pasta,باستا,Pasta linguine pasta with demi-glace sauce imance meat and mushrooms,باستا لينجويني مع صوص ديمي غلاس واللحم المفتت والمشروم,389,EGP,Regular,191 gram,,1
Chicken Jalapeno Pasta,باستا الدجاج بالهالبينيو,Pasta,باستا,"Rosé sauce with fried chicken, jalapeno pepper, and parmesan cheese",صوص وردي مع دجاج مقلي وفلفل هالبينيو وجبن البارميزان,319,EGP,Regular,192 gram,,1
Pasta Two Face,باستا تو فيس,Pasta,باستا,"Mix pasta, red sauce and pesto sauce",خليط باستا، صوص أحمر وصوص بيستو,289,EGP,Regular,193 gram,,1
Spaghetti Pizziola Spicy,سباغيتي بيتزيولا حارة,Pasta,باستا,"Pasta, minced onion, pepper colors, sweet chili, sesame and salt black pepper",باستا، بصل مفروم، فلفل ملون، شيلي حلو، سمسم وفلفل أسود,292,EGP,Regular,194 gram,,1
Negresco,نيغريسكو,Pasta,باستا,"Pasta, chicken, mushroom, white sauce",باستا، دجاج، مشروم، صوص أبيض,315,EGP,Regular,195 gram,,1
Pasta Bolognese,باستا بولونيز,Pasta,باستا,Pasta - minced meat - red sauce - olive oil,باستا - لحم مفروم - صوص أحمر - زيت زيتون,259,EGP,Regular,196 gram,,1
Linguine Chicken Mushroom,لينجويني الدجاج والمشروم,Pasta,باستا,Pasta - chicken - mushroom - white sauce,باستا - دجاج - مشروم - صوص أبيض,277,EGP,Regular,197 gram,,1
Spicy Pasta Shrimp Cajun,باستا الجمبري كاجون الحارة,Pasta,باستا,"Shrimp cajun, colored pepper, pink sauce",جمبري كاجون، فلفل ملون، صوص وردي,377,EGP,Regular,198 gram,,1
Caprese Balsamic Salad,سلطة كابريزي بالبلسمك,Salads,سلطات,"Mix Green, with buffalo cheese and cherry tomatoes, Croutons bread and balsamic sauce",خضار مشكلة مع جبن بوفالو وطماطم كرزية وخبز كروتون وصوص البلسمك,220,EGP,Regular,199 gram,,1
Greek Salad,سلطة يونانية,Salads,سلطات,"Feta cheese, tomato, cucumber pepper colors, caputcha Lettuce, fresh onion rings",جبن فيتا، طماطم، خيار، فلفل ملون، خس كابوتشا، حلقات بصل طازجة,155,EGP,Regular,200 gram,,1
Burrata Salad,سلطة بوراتا,Salads,سلطات,"Green mix with Croutons bread and fresh onions, roasted almonds and burrata cheese",خضار خضراء مشكلة مع خبز كروتون وبصل طازج ولوز محمص وجبن البوراتا,320,EGP,Regular,201 gram,,1
Roka Salad,سلطة الجرجير,Salads,سلطات,"Watercress, cherry tomato, parmesan cheese, fresh mushroom",جرجير، طماطم كرزية، جبن بارميزان، مشروم طازج,192,EGP,Regular,202 gram,,1
Tuna Salad,سلطة التونة,Salads,سلطات,"Tuna, lettuce, pepper colors, olive, onion rings",تونة، خس، فلفل ملون، زيتون، حلقات بصل,245,EGP,Regular,203 gram,,1
Chicken Caesar Salad,سلطة سيزر بالدجاج,Salads,سلطات,"Lettuce, Croutons bread, chicken, Caesar sauce",خس، خبز كروتون، دجاج، صوص سيزر,275,EGP,Regular,204 gram,,1
Green Salad,سلطة خضراء,Salads,سلطات,"Lettuce, cucumber, watercress, green bell pepper, tomato",خس، خيار، جرجير، فلفل أخضر، طماطم,99,EGP,Regular,205 gram,,1
Taco Salad,سلطة تاكو,Salads,سلطات,"Mix green with grilled chicken, cheddar cheese and mix smoke turkey and smoke beef, sweet corn and tortilla bread",خضار مشكلة مع دجاج مشوي وجبن شيدر وخليط ديك رومي مدخن ولحم مدخن وذرة حلوة وخبز تورتيلا,269,EGP,Regular,206 gram,,1
Double French Coffee,قهوة فرنسية دبل,Hot Coffee,قهوة ساخنة,A larger serving of strong coffee prepared using a French press.,حصة أكبر من القهوة القوية محضرة باستخدام الفرنش برس.,144,EGP,Regular,207 gram,,1
Turkish Coffee,قهوة تركية,Hot Coffee,قهوة ساخنة,"Finely ground coffee beans brewed unfiltered, offering a strong, rich flavor.",حبوب قهوة مطحونة ناعماً تُحضر بدون تصفية لطعم قوي وغني.,129,EGP,Regular,208 gram,,1
Mocha With Caramel,موكا بالكراميل,Hot Coffee,قهوة ساخنة,A coffee and chocolate drink with milk and caramel.,مشروب قهوة وشوكولاتة بالحليب والكراميل.,153,EGP,Regular,209 gram,,1
Double Turkish Coffee,قهوة تركية دبل,Hot Coffee,قهوة ساخنة,"Finely ground coffee, prepared in the traditional Turkish style, served as a double portion.",قهوة مطحونة ناعماً، محضرة على الطريقة التركية التقليدية، تُقدم كحصة مضاعفة.,119,EGP,Regular,210 gram,,1
Spanish Latte,لاتيه إسباني,Hot Coffee,قهوة ساخنة,Espresso with steamed milk and sweetened condensed milk.,إسبريسو مع حليب مبخر وحليب مكثف محلى.,153,EGP,Regular,211 gram,,1
Micato,ميكاتو,Hot Coffee,قهوة ساخنة,"Fresh avocado blended with milk and honey for a creamy, sweet drink.",أفوكادو طازج ممزوج بالحليب والعسل لمشروب كريمي وحلو.,123,EGP,Regular,212 gram,,1
Mocha,موكا,Hot Coffee,قهوة ساخنة,"A blend of espresso, chocolate, and steamed milk.",مزيج من الإسبريسو والشوكولاتة والحليب المبخر.,153,EGP,Regular,213 gram,,1
Nescafe,نسكافيه,Hot Coffee,قهوة ساخنة,Classic instant coffee served hot.,قهوة فورية كلاسيكية تُقدم ساخنة.,130,EGP,Regular,214 gram,,1
Cappuccino,كابتشينو,Hot Coffee,قهوة ساخنة,Espresso with steamed milk and a layer of frothed milk.,إسبريسو مع حليب مبخر وطبقة من الحليب المرغو.,149,EGP,Regular,215 gram,,1
Latte,لاتيه,Hot Coffee,قهوة ساخنة,Espresso coffee combined with steamed milk and a thin layer of milk foam.,قهوة إسبريسو ممزوجة بالحليب المبخر وطبقة رقيقة من رغوة الحليب.,149,EGP,Regular,216 gram,,1
American Coffee,قهوة أمريكية,Hot Coffee,قهوة ساخنة,Hot coffee prepared by diluting espresso with hot water.,قهوة ساخنة محضرة بتخفيف الإسبريسو بالماء الساخن.,118,EGP,Regular,217 gram,,1
Espresso,إسبريسو,Hot Coffee,قهوة ساخنة,A concentrated coffee beverage made by forcing hot water through finely ground coffee beans.,مشروب قهوة مركز يُصنع بضخ ماء ساخن عبر حبوب قهوة مطحونة ناعماً.,90,EGP,Regular,218 gram,,1
Salted Caramel,كراميل مملح,Hot Coffee,قهوة ساخنة,Caramel flavored with sea salt.,كراميل منكه بملح البحر.,144,EGP,Regular,219 gram,,1
After Eat,آفتر إيت,Hot Coffee,قهوة ساخنة,"A light, refreshing blend of seasonal fruits, served chilled.",مزيج خفيف ومنعش من الفاكهة الموسمية، يُقدم بارداً.,153,EGP,Regular,220 gram,,1
Double Espresso,إسبريسو دبل,Hot Coffee,قهوة ساخنة,A concentrated coffee beverage made from two shots of espresso.,مشروب قهوة مركز مصنوع من جرعتين من الإسبريسو.,115,EGP,Regular,221 gram,,1
Flat White,فلات وايت,Hot Coffee,قهوة ساخنة,Espresso with steamed milk and a thin layer of microfoam.,إسبريسو مع حليب مبخر وطبقة رقيقة من الميكروفوم.,149,EGP,Regular,222 gram,,1
Dash Blueberry,داش بلوبيري,Danish,دانش,"Fresh and crispy Dash Blueberry filled with delicious blueberry filling, topped with a layer of smooth cream and crystal sugar.",داش بلوبيري طازج ومقرمش محشو بحشوة بلوبيري لذيذة، مغطى بطبقة من الكريمة الناعمة والسكر الكريستالي.,139,EGP,Regular,223 gram,,1
Fresh Fruit Dash,داش الفاكهة الطازجة,Danish,دانش,"The fresh fruit dash is prepared with a crispy and crunchy dough, filled with a delicious mix of carefully selected seasonal fruits, served hot with a layer of shiny sugar glaze.",داش الفاكهة الطازجة يُحضر بعجينة مقرمشة وهشة، محشو بمزيج لذيذ من الفاكهة الموسمية المختارة بعناية، يُقدم ساخناً مع طبقة من الجلاز السكري اللامع.,139,EGP,Regular,224 gram,,1
Cinnamon Dash,داش القرفة,Danish,دانش,"The famous cinnamon dash, prepared with fresh, crispy dough stuffed with aromatic cinnamon and brown sugar, served warm with a layer of shiny sugar glaze.",داش القرفة الشهير، يُحضر بعجينة طازجة ومقرمشة محشوة بالقرفة العطرية والسكر البني، يُقدم دافئاً مع طبقة من الجلاز السكري اللامع.,139,EGP,Regular,225 gram,,1
Cheesecake,تشيز كيك,Desserts,حلويات,Soft cheesecake with a crispy biscuit layer and a touch of fruit sauce.,تشيز كيك ناعم بطبقة بسكويت مقرمشة ولمسة من صوص الفاكهة.,154,EGP,Regular,226 gram,,1
Brownie Cake,براوني كيك,Desserts,حلويات,"Dense, rich chocolate brownie pieces with a crispy outer shell.",قطع براوني شوكولاتة كثيفة وغنية بقشرة خارجية مقرمشة.,149,EGP,Regular,227 gram,,1
Fruit Salad,سلطة الفاكهة,Desserts,حلويات,"A refreshing mix of fresh, colorful fruits with natural flavors.",مزيج منعش من الفاكهة الطازجة الملونة بنكهات طبيعية.,160,EGP,Regular,228 gram,,1
Molten Cake,كيك مولتن,Desserts,حلويات,Warm chocolate cake filled with a liquid chocolaty center,كيك شوكولاتة دافئ محشو بمركز شوكولاتة سائل,166,EGP,Regular,229 gram,,1
Chicken Ranch,دجاج رانش,Chicken Sandwiches,ساندويتشات الدجاج,"Toasted bread, Crispy chicken burger, Ranch sauce, Iceberg Lettuce, Pickled cucumber Tomato, Served with fries",خبز محمص، برجر دجاج مقرمش، صوص رانش، خس أيسبرج، خيار مخلل، طماطم. يُقدم مع بطاطس,277,EGP,Regular,230 gram,,1
Chicken Crispy,دجاج كريسبي,Chicken Sandwiches,ساندويتشات الدجاج,"Toasted bread, Crispy chicken burger, Mayonnaise sauce, Iceberg Lettuce, Pickled cucumber, Smoked turkey, Tomato, Served with fries",خبز محمص، برجر دجاج مقرمش، صوص مايونيز، خس أيسبرج، خيار مخلل، ديك رومي مدخن، طماطم. يُقدم مع بطاطس,258,EGP,Regular,231 gram,,1
Super Chicken,سوبر شيكن,Chicken Sandwiches,ساندويتشات الدجاج,"Toasted bread, Crispy chicken burger, Stage sauce, Iceberg Lettuce Pickled cucumber, Smoked Turkey, Smoked beef, Mozzarella, Onion Rings, Tomato, Served with fries",خبز محمص، برجر دجاج مقرمش، صوص ستيج، خس أيسبرج، خيار مخلل، ديك رومي مدخن، لحم مدخن، موزاريلا، حلقات بصل، طماطم. يُقدم مع بطاطس,325,EGP,Regular,232 gram,,1
Chicken Cheese Lava,دجاج تشيز لافا,Chicken Sandwiches,ساندويتشات الدجاج,"Toasted bread, Crispy chicken burger, Stage sauce, Iceberg Lettuce, Tomato, Pickled cucumber Smoked turkey Mozzarella Sticks, Served with fries",خبز محمص، برجر دجاج مقرمش، صوص ستيج، خس أيسبرج، طماطم، خيار مخلل، ديك رومي مدخن، عيدان موزاريلا. يُقدم مع بطاطس,285,EGP,Regular,233 gram,,1
Chicken Panini,بانيني الدجاج,Chicken Sandwiches,ساندويتشات الدجاج,"Grilled chicken breasts, mayonnaise, lettuce, tomatoes, mozzarella cheese, bread panini, Served with fries",صدور دجاج مشوية، مايونيز، خس، طماطم، جبن موزاريلا، خبز بانيني. يُقدم مع بطاطس,325,EGP,Regular,234 gram,,1
Caramel Frappé,فرابيه الكراميل,Frappe Coffee,قهوة فرابيه,"A cold and refreshing frappé drink with a rich and sweet caramel flavor, served with ice, whipped cream, and a drizzle of delicious caramel sauce.",مشروب فرابيه بارد ومنعش بنكهة كراميل غنية وحلوة، يُقدم مع الثلج والكريمة المخفوقة وقطرات من صوص الكراميل اللذيذ.,169,EGP,Regular,235 gram,,1
Chocolate Frappé,فرابيه الشوكولاتة,Frappe Coffee,قهوة فرابيه,"A cold and refreshing chocolate frappé made from the finest chocolate with cold milk and ice, served with whipped cream and chocolate syrup.",فرابيه شوكولاتة بارد ومنعش مصنوع من أجود أنواع الشوكولاتة مع الحليب البارد والثلج، يُقدم مع الكريمة المخفوقة وشراب الشوكولاتة.,169,EGP,Regular,236 gram,,1
Mocha Frappé,فرابيه الموكا,Frappe Coffee,قهوة فرابيه,"A refreshing Mocha Frappé made with high-quality coffee blended with rich chocolate and cold milk, topped with a layer of light cream and ice cubes.",فرابيه موكا منعش مصنوع من قهوة عالية الجودة ممزوجة بشوكولاتة غنية وحليب بارد، مغطى بطبقة من الكريمة الخفيفة ومكعبات الثلج.,169,EGP,Regular,237 gram,,1
Frappuccino,فرابتشينو,Frappe Coffee,قهوة فرابيه,,,169,EGP,Regular,238 gram,,1
Vanilla Frappé,فرابيه الفانيليا,Frappe Coffee,قهوة فرابيه,"A refreshing and icy vanilla frappé made with rich coffee and cold milk, with a luxurious vanilla flavor and a layer of soft cream on top.",فرابيه فانيليا منعش ومثلج مصنوع من قهوة غنية وحليب بارد بنكهة فانيليا فاخرة وطبقة من الكريمة الناعمة على السطح.,169,EGP,Regular,239 gram,,1
Baco Croissant,كرواسون باكو,Breakfast,فطور,"Beef bacon, cheese, fresh tomatoes, and cheddar cheese filling.",لحم بيكون بقري، جبن، طماطم طازجة وحشوة جبن شيدر.,230,EGP,Regular,240 gram,,1
Scrambled Eggs,بيض مخفوق,Breakfast,فطور,"Egg, pan bread and sour cream sauce",بيض، خبز مقلاة وصوص كريمة حامضة,169,EGP,Regular,241 gram,,1
Martblue Breakfast,فطور مارت بلو,Breakfast,فطور,"Omelette with mushroom, colored pepper mix green - baguette bread",أوملت مع مشروم وفلفل ملون وخضار مشكلة - خبز باغيت,175,EGP,Regular,242 gram,,1
Cheddar Madness,شيدر ماد نيس,Breakfast,فطور,"Omelette with hash browns potatos, baguette bread and cheese sauce",أوملت مع هاش براون بطاطس وخبز باغيت وصوص جبن,187,EGP,Regular,243 gram,,1
Oriental Breakfast,فطور شرقي,Breakfast,فطور,"Loaves of bread, bean, cheese, fries, omelette, tomato and 2 taameya",أرغفة خبز، فول، جبن، بطاطس، أوملت، طماطم وتعمية 2,185,EGP,Regular,244 gram,,1
Vanilla Muffin,مافن الفانيليا,Muffin,مافن,"Luxurious vanilla muffin, freshly prepared daily with a rich natural vanilla flavor, a soft and tender texture that melts in your mouth.",مافن فانيليا فاخر، يُحضر يومياً طازجاً بنكهة فانيليا طبيعية غنية وقوام ناعم وطري يذوب في فمك.,139,EGP,Regular,245 gram,,1
Blueberry Muffin,مافن البلوبيري,Muffin,مافن,"A delicious muffin flavored with fresh blueberries, featuring a moist and soft texture with juicy berry bursts in every bite.",مافن لذيذ منكه بالبلوبيري الطازج بقوام رطب وناعم مع انفجارات توت عصيرية في كل قضمة.,139,EGP,Regular,246 gram,,1
Chocolate Muffin,مافن الشوكولاتة,Muffin,مافن,"A soft and delicious chocolate muffin, made daily with the finest Belgian chocolate, with generous chocolate chips inside. Served hot and fresh.",مافن شوكولاتة ناعم ولذيذ، يُصنع يومياً من أجود أنواع الشوكولاتة البلجيكية مع قطع شوكولاتة سخية بالداخل. يُقدم ساخناً وطازجاً.,149,EGP,Regular,247 gram,,1
Classic Burger,برجر كلاسيك,Beef Burger,برجر لحم,"Beef burger, Iceberg Lettuce, Tomato, Pickled cucumber, Cheese sauce, Onion, served with fries",برجر لحم، خس أيسبرج، طماطم، خيار مخلل، صوص جبن، بصل. يُقدم مع بطاطس,285,EGP,Regular,248 gram,,1
Tex Burger,برجر تيكس,Beef Burger,برجر لحم,"Beef burger, our special Tex sauce, Iceberg Lettuce, Tomato, Pickled cucumber, Onion, served with fries",برجر لحم، صوص تيكس الخاص بنا، خس أيسبرج، طماطم، خيار مخلل، بصل. يُقدم مع بطاطس,333,EGP,Regular,249 gram,,1
Smoked Burger,برجر مدخن,Beef Burger,برجر لحم,"Beef, Iceberg Lettuce, Tomato, Pickled cucumber, Mushroom, BBQ sauce, Cheese, with caramelized onions, served with fries",لحم، خس أيسبرج، طماطم، خيار مخلل، مشروم، صوص باربيكيو، جبن مع بصل مكرمل. يُقدم مع بطاطس,305,EGP,Regular,250 gram,,1
Cholo's Burger,برجر تشولو,Beef Burger,برجر لحم,"Beef burger, Jalapeño slices, Buffalo sauce, Iceberg Lettuce, Cheddar Cheese, Onion, served with fries",برجر لحم، شرائح هالبينيو، صوص بافالو، خس أيسبرج، جبن شيدر، بصل. يُقدم مع بطاطس,299,EGP,Regular,251 gram,,1
Blue Cheese Burger,برجر الجبن الأزرق,Beef Burger,برجر لحم,"Beef burger, Blue Cheese, Mayonnaise sauce, Pickled cucumber, Iceberg Lettuce, served with fries",برجر لحم، جبن أزرق، صوص مايونيز، خيار مخلل، خس أيسبرج. يُقدم مع بطاطس,319,EGP,Regular,252 gram,,1
Chicken Scallopini,سكالوبيني الدجاج,Main Dishes,أطباق رئيسية,"Fried chicken breasts with milk cream, smoked beef and colored pepper",صدور دجاج مقلية مع كريمة الحليب واللحم المدخن والفلفل الملون,445,EGP,Regular,253 gram,,1
Chicken Bombay Curry,دجاج بومباي كاري,Main Dishes,أطباق رئيسية,"Chicken breasts, curry sauce, and pineapple juice",صدور دجاج وصوص كاري وعصير أناناس,333,EGP,Regular,254 gram,,1
Mix Grill,مشاوي مشكلة,Main Dishes,أطباق رئيسية,"2 Pieces of kofta, 2 pieces of shish, 2 pieces of meat kebab and khalta rice",2 قطعة كفتة، 2 قطعة شيش، 2 قطعة كباب لحم وأرز خلطة,545,EGP,Regular,255 gram,,1
Sweet Chili Shrimp,جمبري بالشيلي الحلو,Main Dishes,أطباق رئيسية,"Shrimp with sweet chili sauce, onion and colored peppers",جمبري مع صوص شيلي حلو وبصل وفلفل ملون,525,EGP,Regular,256 gram,,1
Chicken Parmesan,دجاج بارميزان,Main Dishes,أطباق رئيسية,Fried chicken with mozzarella cheese and pesto sauce,دجاج مقلي مع جبن موزاريلا وصوص بيستو,388,EGP,Regular,257 gram,,1
Scallop Bianco,سكالوب بيانكو,Main Dishes,أطباق رئيسية,"Veal with smoky turkey, mozzarella cheese, and red sauce pasta",لحم عجل مع ديك رومي مدخن وجبن موزاريلا وباستا بصوص أحمر,562,EGP,Regular,258 gram,,1
Chicken Lemon,دجاج بالليمون,Main Dishes,أطباق رئيسية,"Chicken breasts, white sauce, lemon, and parmesan cheese",صدور دجاج وصوص أبيض وليمون وجبن بارميزان,357,EGP,Regular,259 gram,,1
Grilled Chicken,دجاج مشوي,Main Dishes,أطباق رئيسية,"Served with 2 sauces of your choice mushroom sauce, mustard sauce, blue cheese sauce, and harp sauce",يُقدم مع صوصين من اختيارك: صوص مشروم، صوص خردل، صوص جبن أزرق، وصوص الهارب,354,EGP,Regular,260 gram,,1
Scallop Milanese,سكالوب ميلانيزي,Main Dishes,أطباق رئيسية,"Veal with arugula, parmesan cheese, cherry tomatoes, balsamic vinegar, and roasted",لحم عجل مع جرجير وجبن بارميزان وطماطم كرزية وخل البلسمك ومحمص,542,EGP,Regular,261 gram,,1
Grilled Beef Fillet,فيليه لحم مشوي,Main Dishes,أطباق رئيسية,Grilled meat fillet with your choice of sauce,فيليه لحم مشوي مع صوص من اختيارك,512,EGP,Regular,262 gram,,1
V. Cola,في كولا,Soft Drinks,مشروبات غازية,,,105,EGP,Regular,263 gram,,1
Redbull,ريد بول,Soft Drinks,مشروبات غازية,,,136,EGP,Regular,264 gram,,1
Small Water,مياه صغيرة,Soft Drinks,مشروبات غازية,Small water.,مياه صغيرة.,26,EGP,Regular,265 gram,,1
Apple Soda,صودا تفاح,Soft Drinks,مشروبات غازية,"A refreshing apple soda with a sweet and sour natural apple flavor, perfect to enjoy cold at any time of the day.",صودا تفاح منعشة بنكهة تفاح طبيعية حلوة وحامضة، مثالية للاستمتاع بها باردة في أي وقت من اليوم.,105,EGP,Regular,266 gram,,1
7 Up Soda,صودا 7 أب,Soft Drinks,مشروبات غازية,"Refreshing 7 Up soda with a delicious citrus flavor and high fizziness, served cold, perfect for quenching thirst anytime.",صودا 7 أب منعشة بنكهة حمضية لذيذة وفوران عالٍ، تُقدم باردة، مثالية لإرواء العطش في أي وقت.,105,EGP,Regular,267 gram,,1
Lemon Soda,صودا ليمون,Soft Drinks,مشروبات غازية,"A refreshing and fizzy lemon soda with a delicious tart lemon flavor, perfect for enjoying cold any time of day.",صودا ليمون منعشة وفوارة بنكهة ليمون لاذعة لذيذة، مثالية للاستمتاع بها باردة في أي وقت من اليوم.,105,EGP,Regular,268 gram,,1
Orange Soda,صودا برتقال,Soft Drinks,مشروبات غازية,"A refreshing orange soda with a delicious natural orange flavor and fine bubbles, served iced for a great refreshment in every sip.",صودا برتقال منعشة بنكهة برتقال طبيعية لذيذة وفقاعات ناعمة، تُقدم مثلجة لانتعاش رائع في كل رشفة.,105,EGP,Regular,269 gram,,1
Mango Peach,مانجو بيتش,Cocktail,كوكتيل,"Mango, peach, ice cream vanilla, milk",مانجو، خوخ، آيس كريم فانيليا، حليب,155,EGP,Regular,270 gram,,1
Stage Cocktail VIP,كوكتيل ستيج VIP,Cocktail,كوكتيل,"Avocado, arugula, banana, kiwi honey, milk",أفوكادو، جرجير، موز، عسل كيوي، حليب,175,EGP,Regular,271 gram,,1
Relax,ريلاكس,Cocktail,كوكتيل,"Orange, guava, fresh mint, honey",برتقال، جوافة، نعناع طازج، عسل,155,EGP,Regular,272 gram,,1
Florida,فلوريدا,Cocktail,كوكتيل,"Mango, strawberry, guava",مانجو، فراولة، جوافة,155,EGP,Regular,273 gram,,1
Hibiscus,كركديه,Hot Drinks,مشروبات ساخنة,"A refreshing beverage made from hibiscus flowers, offering a tart and floral taste.",مشروب منعش مصنوع من أزهار الكركديه يتميز بطعم حامض وزهري.,76,EGP,Regular,274 gram,,1
Cinnamon With Milk,قرفة بالحليب,Hot Drinks,مشروبات ساخنة,A creamy blend of milk and cinnamon.,مزيج كريمي من الحليب والقرفة.,111,EGP,Regular,275 gram,,1
Hot Chocolate,شوكولاتة ساخنة,Hot Drinks,مشروبات ساخنة,Hot chocolate made with chocolate and warm milk.,شوكولاتة ساخنة مصنوعة بالشوكولاتة والحليب الدافئ.,149,EGP,Regular,276 gram,,1
Green Tea,شاي أخضر,Hot Drinks,مشروبات ساخنة,"Green tea, brewed from unoxidized tea leaves, with a fresh, slightly earthy taste.",شاي أخضر، مُحضر من أوراق شاي غير مؤكسدة بطعم طازج وترابي خفيف.,74,EGP,Regular,277 gram,,1
Kettle Tea,شاي إبريق,Hot Drinks,مشروبات ساخنة,Hot tea served in a kettle.,شاي ساخن يُقدم في إبريق.,115,EGP,Regular,278 gram,,1
Tea,شاي,Hot Drinks,مشروبات ساخنة,Hot brewed tea.,شاي ساخن مُحضر.,68,EGP,Regular,279 gram,,1
Hot Mint,نعناع ساخن,Hot Drinks,مشروبات ساخنة,A hot infusion made from fresh mint leaves.,منقوع ساخن مصنوع من أوراق النعناع الطازجة.,84,EGP,Regular,280 gram,,1
Magic Drink,ماجيك درينك,Hot Drinks,مشروبات ساخنة,Anise lemon-cinnamon-honey-mint,يانسون، ليمون، قرفة، عسل، نعناع,144,EGP,Regular,281 gram,,1
Apple Cider,عصير تفاح ساخن,Hot Drinks,مشروبات ساخنة,"Freshly pressed apples, offering a sweet and tart flavor.",تفاح معصور طازج بنكهة حلوة ولاذعة.,144,EGP,Regular,282 gram,,1
Ginger,زنجبيل,Hot Drinks,مشروبات ساخنة,"Fresh ginger root blended into a zesty, aromatic juice.",جذر زنجبيل طازج ممزوج في عصير حيوي وعطري.,84,EGP,Regular,283 gram,,1
Anise,يانسون,Hot Drinks,مشروبات ساخنة,"A drink prepared from anise seeds, offering a distinct licorice-like flavor.",مشروب محضر من بذور اليانسون يتميز بنكهة عرق السوس المميزة.,84,EGP,Regular,284 gram,,1
Pineapple Cider,سيدر الأناناس,Hot Drinks,مشروبات ساخنة,Sparkling pineapple drink with a sweet and tangy flavor.,مشروب أناناس فوار بنكهة حلوة ولاذعة.,144,EGP,Regular,285 gram,,1
Lotus Crepe,كريب اللوتس,Crepes,كريب,Crepe with lotus and soft cream filling with a touch of biscuit.,كريب بحشوة لوتس وكريمة ناعمة مع لمسة بسكويت.,109,EGP,Regular,286 gram,,1
Pistachio Crepe,كريب الفستق,Crepes,كريب,Crepe filled with rich pistachio cream and garnished with a sprinkle of crushed pistachios.,كريب محشو بكريمة فستق غنية ومزين برشة فستق مطحون.,115,EGP,Regular,287 gram,,1
Caramel Crepe,كريب الكراميل,Crepes,كريب,Light crepe featuring a smooth caramel sauce with a sweet and balanced flavor.,كريب خفيف بصوص كراميل ناعم بنكهة حلوة ومتوازنة.,105,EGP,Regular,288 gram,,1
Honey Crepe,كريب العسل,Crepes,كريب,Fresh crepes filled with natural honey for a light and healthy meal.,كريب طازج محشو بالعسل الطبيعي لوجبة خفيفة وصحية.,105,EGP,Regular,289 gram,,1
Mix Fruits Crepe,كريب الفاكهة المشكلة,Crepes,كريب,Crepe filled with a seasonal fruit selection with a natural and refreshing taste.,كريب محشو بتشكيلة فاكهة موسمية بطعم طبيعي ومنعش.,125,EGP,Regular,290 gram,,1
Mix Berries Crepe,كريب التوت المشكل,Crepes,كريب,Crepe with a mix of berries and a refreshing fruit sauce.,كريب مع خليط من التوت وصوص فاكهة منعش.,115,EGP,Regular,291 gram,,1
Chocolate Crepe,كريب الشوكولاتة,Crepes,كريب,Thin crepe stuffed and topped with rich chocolate sauce.,كريب رقيق محشو ومغطى بصوص شوكولاتة غني.,105,EGP,Regular,292 gram,,1
Honey Waffle,وافل العسل,Waffle,وافل,Fresh waffles served with natural honey for a light and special flavor.,وافل طازج يُقدم مع عسل طبيعي لنكهة خفيفة ومميزة.,150,EGP,Regular,293 gram,,1
Mix Fruits Waffle,وافل الفاكهة المشكلة,Waffle,وافل,Waffles decorated with fresh seasonal fruits and tempting colors.,وافل مزين بفاكهة موسمية طازجة وألوان مغرية.,195,EGP,Regular,294 gram,,1
Chocolate Waffle,وافل الشوكولاتة,Waffle,وافل,Crispy waffles soaked in thick chocolate sauce.,وافل مقرمش مغموس في صوص شوكولاتة كثيف.,150,EGP,Regular,295 gram,,1
Lotus Waffle,وافل اللوتس,Waffle,وافل,Golden waffle topped with Lotus sauce and cream and crushed Lotus biscuits.,وافل ذهبي مغطى بصوص اللوتس والكريمة وبسكويت لوتس مطحون.,154,EGP,Regular,296 gram,,1
Caramel Waffle,وافل الكراميل,Waffle,وافل,Crispy waffles garnished with golden caramel sauce for a warm and sweet taste.,وافل مقرمش مزين بصوص كراميل ذهبي لطعم دافئ وحلو.,150,EGP,Regular,297 gram,,1
Pistachio Waffle,وافل الفستق,Waffle,وافل,Soft waffle topped with a premium pistachio sauce and a touch of toasted nuts.,وافل ناعم مغطى بصوص فستق فاخر ولمسة مكسرات محمصة.,160,EGP,Regular,298 gram,,1
Mix Berries Waffle,وافل التوت المشكل,Waffle,وافل,Crispy waffle topped with mixed berries and tangy fruit sauce.,وافل مقرمش مغطى بتوت مشكل وصوص فاكهة لاذع.,160,EGP,Regular,299 gram,,1
Cherry Cola,كولا كرز,Soda,صودا,"A refreshing and fizzy cherry cola with a delicious natural cherry flavor, served very cold for a true refreshment in every sip.",كولا كرز منعشة وفوارة بنكهة كرز طبيعية لذيذة، تُقدم باردة جداً لانتعاش حقيقي في كل رشفة.,144,EGP,Regular,300 gram,,1
Sunrise,صن رايز,Soda,صودا,"A refreshing orange-colored soda drink with a delicious tangy taste, served cold with ice for a refreshing and delicious experience anytime.",مشروب صودا بلون برتقالي منعش بطعم لاذع لذيذ، يُقدم بارداً مع الثلج لتجربة منعشة ولذيذة في أي وقت.,144,EGP,Regular,301 gram,,1
Sunshine,صن شاين,Soda,صودا,,,129,EGP,Regular,302 gram,,1
Electric Lemon,ليمون إلكتريك,Soda,صودا,"A refreshing soda drink with a natural tart sour lemon flavor, with smooth soft fizzy bubbles, and a delicious taste that quenches thirst anytime.",مشروب صودا منعش بنكهة ليمون حامضة طبيعية مع فقاعات ناعمة وخفيفة وطعم لذيذ يُطفئ العطش في أي وقت.,144,EGP,Regular,303 gram,,1
Scotch Mint,نعناع سكوتش,Soda,صودا,"A refreshing scotch mint drink with a distinctive natural mint flavor, served cold for a delicious and unique drinking experience.",مشروب نعناع سكوتش منعش بنكهة نعناع طبيعية مميزة، يُقدم بارداً لتجربة شرب لذيذة وفريدة.,144,EGP,Regular,304 gram,,1
Quattro Formaggi Napolitana Pizza,بيتزا كواترو فوراماجي نابوليتانا,Pizza Napolitana,بيتزا نابوليتانا,"Pizza sauce, buffalo mozzarella cheese, parmesan cheese, yellow cheddar cheese, blue cheese and red cheddar cheese",صوص بيتزا، جبن موزاريلا بوفالو، جبن بارميزان، جبن شيدر أصفر، جبن أزرق وجبن شيدر أحمر,377,EGP,Regular,305 gram,"{""sizes"":[""Small"",""Medium"",""Large""],""size_details"":{""small"":{""name_en"":""Small"",""name_ar"":""صغير"",""diameter_en"":""9 inches"",""diameter_ar"":""٢٣ سم"",""weight_en"":""300g"",""weight_ar"":""٣٠٠ جرام"",""serves_en"":""Serves 1 person"",""serves_ar"":""يكفي فرد واحد"",""price"":100.0},""medium"":{""name_en"":""Medium"",""name_ar"":""وسط"",""diameter_en"":""12 inches"",""diameter_ar"":""٣٠ سم"",""weight_en"":""450g"",""weight_ar"":""٤٥٠ جرام"",""serves_en"":""Serves 2-3 people"",""serves_ar"":""يكفي ٢-٣ أفراد"",""price"":130.0},""large"":{""name_en"":""Large"",""name_ar"":""كبير"",""diameter_en"":""15 inches"",""diameter_ar"":""٣٨ سم"",""weight_en"":""650g"",""weight_ar"":""٦٥٠ جرام"",""serves_en"":""Serves 4 people"",""serves_ar"":""يكفي ٤ أفراد"",""price"":180.0}}}",1
Shrimp Napolitana Pizza,بيتزا الجمبري نابوليتانا,Pizza Napolitana,بيتزا نابوليتانا,"Pizza sauce, buffalo cheese, colored pepper, shrimp, and fresh arugula",صوص بيتزا، جبن بوفالو، فلفل ملون، جمبري وجرجير طازج,488,EGP,Regular,306 gram,"{""sizes"":[""Small"",""Medium"",""Large""],""size_details"":{""small"":{""name_en"":""Small"",""name_ar"":""صغير"",""diameter_en"":""9 inches"",""diameter_ar"":""٢٣ سم"",""weight_en"":""300g"",""weight_ar"":""٣٠٠ جرام"",""serves_en"":""Serves 1 person"",""serves_ar"":""يكفي فرد واحد"",""price"":100.0},""medium"":{""name_en"":""Medium"",""name_ar"":""وسط"",""diameter_en"":""12 inches"",""diameter_ar"":""٣٠ سم"",""weight_en"":""450g"",""weight_ar"":""٤٥٠ جرام"",""serves_en"":""Serves 2-3 people"",""serves_ar"":""يكفي ٢-٣ أفراد"",""price"":130.0},""large"":{""name_en"":""Large"",""name_ar"":""كبير"",""diameter_en"":""15 inches"",""diameter_ar"":""٣٨ سم"",""weight_en"":""650g"",""weight_ar"":""٦٥٠ جرام"",""serves_en"":""Serves 4 people"",""serves_ar"":""يكفي ٤ أفراد"",""price"":180.0}}}",1
Salami Napolitana Pizza,بيتزا سالامي نابوليتانا,Pizza Napolitana,بيتزا نابوليتانا,"Pizza sauce, buffalo mozzarella phalanx, salami and jalapeno",صوص بيتزا، كتلة موزاريلا بوفالو، سالامي وهالبينيو,386,EGP,Regular,307 gram,"{""sizes"":[""Small"",""Medium"",""Large""],""size_details"":{""small"":{""name_en"":""Small"",""name_ar"":""صغير"",""diameter_en"":""9 inches"",""diameter_ar"":""٢٣ سم"",""weight_en"":""300g"",""weight_ar"":""٣٠٠ جرام"",""serves_en"":""Serves 1 person"",""serves_ar"":""يكفي فرد واحد"",""price"":100.0},""medium"":{""name_en"":""Medium"",""name_ar"":""وسط"",""diameter_en"":""12 inches"",""diameter_ar"":""٣٠ سم"",""weight_en"":""450g"",""weight_ar"":""٤٥٠ جرام"",""serves_en"":""Serves 2-3 people"",""serves_ar"":""يكفي ٢-٣ أفراد"",""price"":130.0},""large"":{""name_en"":""Large"",""name_ar"":""كبير"",""diameter_en"":""15 inches"",""diameter_ar"":""٣٨ سم"",""weight_en"":""650g"",""weight_ar"":""٦٥٠ جرام"",""serves_en"":""Serves 4 people"",""serves_ar"":""يكفي ٤ أفراد"",""price"":180.0}}}",1
Vegetable Napolitana Pizza,بيتزا الخضار نابوليتانا,Pizza Napolitana,بيتزا نابوليتانا,"Pizza sauce, buffalo mozzarella cheese, colored pepper, olive, fresh mushroom and onion",صوص بيتزا، جبن موزاريلا بوفالو، فلفل ملون، زيتون، مشروم طازج وبصل,288,EGP,Regular,308 gram,"{""sizes"":[""Small"",""Medium"",""Large""],""size_details"":{""small"":{""name_en"":""Small"",""name_ar"":""صغير"",""diameter_en"":""9 inches"",""diameter_ar"":""٢٣ سم"",""weight_en"":""300g"",""weight_ar"":""٣٠٠ جرام"",""serves_en"":""Serves 1 person"",""serves_ar"":""يكفي فرد واحد"",""price"":100.0},""medium"":{""name_en"":""Medium"",""name_ar"":""وسط"",""diameter_en"":""12 inches"",""diameter_ar"":""٣٠ سم"",""weight_en"":""450g"",""weight_ar"":""٤٥٠ جرام"",""serves_en"":""Serves 2-3 people"",""serves_ar"":""يكفي ٢-٣ أفراد"",""price"":130.0},""large"":{""name_en"":""Large"",""name_ar"":""كبير"",""diameter_en"":""15 inches"",""diameter_ar"":""٣٨ سم"",""weight_en"":""650g"",""weight_ar"":""٦٥٠ جرام"",""serves_en"":""Serves 4 people"",""serves_ar"":""يكفي ٤ أفراد"",""price"":180.0}}}",1
Barbecue Chicken Napolitana Pizza,بيتزا دجاج باربيكيو نابوليتانا,Pizza Napolitana,بيتزا نابوليتانا,"Pizza sauce, buffalo mozzarella cheese, chicken grill, afanti red cheddar cheese and barbecue",صوص بيتزا، جبن موزاريلا بوفالو، دجاج مشوي، جبن شيدر أحمر أفانتي وباربيكيو,344,EGP,Regular,309 gram,,1
Richie's Chicken Napolitana Pizza,بيتزا دجاج ريتشي نابوليتانا,Pizza Napolitana,بيتزا نابوليتانا,"Pizza sauce, buffalo mozzarella cheese, chicken grill, cherry tomatoes, colored pepper and ranch",صوص بيتزا، جبن موزاريلا بوفالو، دجاج مشوي، طماطم كرزية، فلفل ملون وصوص رانش,392,EGP,Regular,310 gram,,1
Sausage Napolitana Pizza,بيتزا السجق نابوليتانا,Pizza Napolitana,بيتزا نابوليتانا,"Pizza sauce, buffalo mozzarella cheese, sausage, red pepper, and jalapeno and onion",صوص بيتزا، جبن موزاريلا بوفالو، سجق، فلفل أحمر وهالبينيو وبصل,387,EGP,Regular,311 gram,,1
Creamy Pesto Chicken Napolitana Pizza,بيتزا دجاج بيستو كريمي نابوليتانا,Pizza Napolitana,بيتزا نابوليتانا,"Creamy pesto sauce, buffalo mozzarella, cherry tomatoes, parmesan cheese and chicken",صوص بيستو كريمي، موزاريلا بوفالو، طماطم كرزية، جبن بارميزان ودجاج,399,EGP,Regular,312 gram,,1
Tomato Pizel Napolitana Pizza,بيتزا طماطم بيزيل نابوليتانا,Pizza Napolitana,بيتزا نابوليتانا,"Pizza sauce, buffalo mozzarella cheese, basil and olive oil",صوص بيتزا، جبن موزاريلا بوفالو، ريحان وزيت زيتون,266,EGP,Regular,313 gram,"{""sizes"":[""Small"",""Medium"",""Large""],""size_details"":{""small"":{""name_en"":""Small"",""name_ar"":""صغير"",""diameter_en"":""9 inches"",""diameter_ar"":""٢٣ سم"",""weight_en"":""300g"",""weight_ar"":""٣٠٠ جرام"",""serves_en"":""Serves 1 person"",""serves_ar"":""يكفي فرد واحد"",""price"":100.0},""medium"":{""name_en"":""Medium"",""name_ar"":""وسط"",""diameter_en"":""12 inches"",""diameter_ar"":""٣٠ سم"",""weight_en"":""450g"",""weight_ar"":""٤٥٠ جرام"",""serves_en"":""Serves 2-3 people"",""serves_ar"":""يكفي ٢-٣ أفراد"",""price"":130.0},""large"":{""name_en"":""Large"",""name_ar"":""كبير"",""diameter_en"":""15 inches"",""diameter_ar"":""٣٨ سم"",""weight_en"":""650g"",""weight_ar"":""٦٥٠ جرام"",""serves_en"":""Serves 4 people"",""serves_ar"":""يكفي ٤ أفراد"",""price"":180.0}}}",1
Mushroom Soup,شوربة المشروم,Soup,شوربة,Smooth cream rich with fresh mushrooms for a warming taste.,كريمة ناعمة غنية بالمشروم الطازج لطعم دافئ.,115,EGP,Regular,314 gram,,1
Cream Chicken Soup,شوربة الدجاج بالكريمة,Soup,شوربة,"Tender chicken pieces in a creamy, rich in flavor soup.",قطع دجاج طرية في شوربة كريمية غنية بالنكهة.,133,EGP,Regular,315 gram,,1
Lentil Soup,شوربة العدس,Soup,شوربة,"Cooked lentils with oriental spices, a nourishing and warming soup.",عدس مطبوخ مع بهارات شرقية، شوربة مغذية ودافئة.,99,EGP,Regular,316 gram,,1
Seafood Soup,شوربة المأكولات البحرية,Soup,شوربة,A selection of seafood in a broth rich with fresh marine flavors.,تشكيلة من المأكولات البحرية في مرق غني بنكهات بحرية طازجة.,235,EGP,Regular,317 gram,,1
Tomato Soup,شوربة الطماطم,Soup,شوربة,Velvety soup of fresh tomatoes with a touch of herbs.,شوربة مخملية من الطماطم الطازجة مع لمسة من الأعشاب.,97,EGP,Regular,318 gram,,1